51,-35,lfkngva4Gq6rkk2gkeRk0ppq+ZY=,mAQpP/FzpemmXs/nOnqnQDiq5RM=
52,-35,lfkngva4Gq6rkk2gkeRk0ppq+ZY=,mAQpP/FzpemmXs/nOnqnQDiq5RM=
50,-35,lfkngva4Gq6rkk2gkeRk0ppq+ZY=,mAQpP/FzpemmXs/nOnqnQDiq5RM=
53,-35,lfkngva4Gq6rkk2gkeRk0ppq+ZY=,mAQpP/FzpemmXs/nOnqnQDiq5RM=
48,-40,lfkngva4Gq6rkk2gkeRk0ppq+ZY=,mAQpP/FzpemmXs/nOnqnQDiq5RM=
49,-35,lfkngva4Gq6rkk2gkeRk0ppq+ZY=,mAQpP/FzpemmXs/nOnqnQDiq5RM=
54,-36,lfkngva4Gq6rkk2gkeRk0ppq+ZY=,mAQpP/FzpemmXs/nOnqnQDiq5RM=
49,-36,lfkngva4Gq6rkk2gkeRk0ppq+ZY=,mAQpP/FzpemmXs/nOnqnQDiq5RM=
48,-36,lfkngva4Gq6rkk2gkeRk0ppq+ZY=,mAQpP/FzpemmXs/nOnqnQDiq5RM=
54,-37,lfkngva4Gq6rkk2gkeRk0ppq+ZY=,mAQpP/FzpemmXs/nOnqnQDiq5RM=
54,-35,lfkngva4Gq6rkk2gkeRk0ppq+ZY=,mAQpP/FzpemmXs/nOnqnQDiq5RM=
49,-40,lfkngva4Gq6rkk2gkeRk0ppq+ZY=,mAQpP/FzpemmXs/nOnqnQDiq5RM=
50,-40,lfkngva4Gq6rkk2gkeRk0ppq+ZY=,mAQpP/FzpemmXs/nOnqnQDiq5RM=
51,-40,lfkngva4Gq6rkk2gkeRk0ppq+ZY=,mAQpP/FzpemmXs/nOnqnQDiq5RM=
52,-40,lfkngva4Gq6rkk2gkeRk0ppq+ZY=,mAQpP/FzpemmXs/nOnqnQDiq5RM=
53,-40,lfkngva4Gq6rkk2gkeRk0ppq+ZY=,mAQpP/FzpemmXs/nOnqnQDiq5RM=
54,-40,lfkngva4Gq6rkk2gkeRk0ppq+ZY=,mAQpP/FzpemmXs/nOnqnQDiq5RM=
48,-39,lfkngva4Gq6rkk2gkeRk0ppq+ZY=,mAQpP/FzpemmXs/nOnqnQDiq5RM=
53,-37,lfkngva4Gq6rkk2gkeRk0ppq+ZY=,mAQpP/FzpemmXs/nOnqnQDiq5RM=
50,-37,lfkngva4Gq6rkk2gkeRk0ppq+ZY=,mAQpP/FzpemmXs/nOnqnQDiq5RM=
51,-37,lfkngva4Gq6rkk2gkeRk0ppq+ZY=,mAQpP/FzpemmXs/nOnqnQDiq5RM=
52,-37,lfkngva4Gq6rkk2gkeRk0ppq+ZY=,mAQpP/FzpemmXs/nOnqnQDiq5RM=
48,-35,lfkngva4Gq6rkk2gkeRk0ppq+ZY=,mAQpP/FzpemmXs/nOnqnQDiq5RM=
49,-37,lfkngva4Gq6rkk2gkeRk0ppq+ZY=,mAQpP/FzpemmXs/nOnqnQDiq5RM=
53,-36,lfkngva4Gq6rkk2gkeRk0ppq+ZY=,mAQpP/FzpemmXs/nOnqnQDiq5RM=
51,-36,lfkngva4Gq6rkk2gkeRk0ppq+ZY=,mAQpP/FzpemmXs/nOnqnQDiq5RM=
48,-37,lfkngva4Gq6rkk2gkeRk0ppq+ZY=,mAQpP/FzpemmXs/nOnqnQDiq5RM=
52,-36,lfkngva4Gq6rkk2gkeRk0ppq+ZY=,mAQpP/FzpemmXs/nOnqnQDiq5RM=
50,-36,lfkngva4Gq6rkk2gkeRk0ppq+ZY=,mAQpP/FzpemmXs/nOnqnQDiq5RM=
49,-39,lfkngva4Gq6rkk2gkeRk0ppq+ZY=,mAQpP/FzpemmXs/nOnqnQDiq5RM=
48,-34,lfkngva4Gq6rkk2gkeRk0ppq+ZY=,mAQpP/FzpemmXs/nOnqnQDiq5RM=
51,-39,lfkngva4Gq6rkk2gkeRk0ppq+ZY=,mAQpP/FzpemmXs/nOnqnQDiq5RM=
52,-39,lfkngva4Gq6rkk2gkeRk0ppq+ZY=,mAQpP/FzpemmXs/nOnqnQDiq5RM=
54,-38,lfkngva4Gq6rkk2gkeRk0ppq+ZY=,mAQpP/FzpemmXs/nOnqnQDiq5RM=
54,-33,lfkngva4Gq6rkk2gkeRk0ppq+ZY=,mAQpP/FzpemmXs/nOnqnQDiq5RM=
53,-38,lfkngva4Gq6rkk2gkeRk0ppq+ZY=,mAQpP/FzpemmXs/nOnqnQDiq5RM=
50,-39,lfkngva4Gq6rkk2gkeRk0ppq+ZY=,mAQpP/FzpemmXs/nOnqnQDiq5RM=
53,-33,lfkngva4Gq6rkk2gkeRk0ppq+ZY=,mAQpP/FzpemmXs/nOnqnQDiq5RM=
51,-38,lfkngva4Gq6rkk2gkeRk0ppq+ZY=,mAQpP/FzpemmXs/nOnqnQDiq5RM=
49,-34,lfkngva4Gq6rkk2gkeRk0ppq+ZY=,mAQpP/FzpemmXs/nOnqnQDiq5RM=
54,-39,lfkngva4Gq6rkk2gkeRk0ppq+ZY=,mAQpP/FzpemmXs/nOnqnQDiq5RM=
53,-39,lfkngva4Gq6rkk2gkeRk0ppq+ZY=,mAQpP/FzpemmXs/nOnqnQDiq5RM=
52,-38,lfkngva4Gq6rkk2gkeRk0ppq+ZY=,mAQpP/FzpemmXs/nOnqnQDiq5RM=
48,-38,lfkngva4Gq6rkk2gkeRk0ppq+ZY=,mAQpP/FzpemmXs/nOnqnQDiq5RM=
52,-33,lfkngva4Gq6rkk2gkeRk0ppq+ZY=,mAQpP/FzpemmXs/nOnqnQDiq5RM=
51,-33,lfkngva4Gq6rkk2gkeRk0ppq+ZY=,mAQpP/FzpemmXs/nOnqnQDiq5RM=
49,-38,lfkngva4Gq6rkk2gkeRk0ppq+ZY=,mAQpP/FzpemmXs/nOnqnQDiq5RM=
50,-33,lfkngva4Gq6rkk2gkeRk0ppq+ZY=,mAQpP/FzpemmXs/nOnqnQDiq5RM=
50,-34,lfkngva4Gq6rkk2gkeRk0ppq+ZY=,mAQpP/FzpemmXs/nOnqnQDiq5RM=
49,-33,lfkngva4Gq6rkk2gkeRk0ppq+ZY=,mAQpP/FzpemmXs/nOnqnQDiq5RM=
50,-38,lfkngva4Gq6rkk2gkeRk0ppq+ZY=,mAQpP/FzpemmXs/nOnqnQDiq5RM=
48,-33,lfkngva4Gq6rkk2gkeRk0ppq+ZY=,mAQpP/FzpemmXs/nOnqnQDiq5RM=
54,-34,lfkngva4Gq6rkk2gkeRk0ppq+ZY=,mAQpP/FzpemmXs/nOnqnQDiq5RM=
53,-34,lfkngva4Gq6rkk2gkeRk0ppq+ZY=,mAQpP/FzpemmXs/nOnqnQDiq5RM=
51,-34,lfkngva4Gq6rkk2gkeRk0ppq+ZY=,mAQpP/FzpemmXs/nOnqnQDiq5RM=
52,-34,lfkngva4Gq6rkk2gkeRk0ppq+ZY=,mAQpP/FzpemmXs/nOnqnQDiq5RM=
56,-38,lfkngva4Gq6rkk2gkeRk0ppq+ZY=,Vn32ValBymyNPpLe87a30Z0XkOc=
57,-40,lfkngva4Gq6rkk2gkeRk0ppq+ZY=,Vn32ValBymyNPpLe87a30Z0XkOc=
63,-34,lfkngva4Gq6rkk2gkeRk0ppq+ZY=,Vn32ValBymyNPpLe87a30Z0XkOc=
55,-36,lfkngva4Gq6rkk2gkeRk0ppq+ZY=,mAQpP/FzpemmXs/nOnqnQDiq5RM=
58,-39,lfkngva4Gq6rkk2gkeRk0ppq+ZY=,Vn32ValBymyNPpLe87a30Z0XkOc=
59,-39,lfkngva4Gq6rkk2gkeRk0ppq+ZY=,Vn32ValBymyNPpLe87a30Z0XkOc=
60,-33,lfkngva4Gq6rkk2gkeRk0ppq+ZY=,Vn32ValBymyNPpLe87a30Z0XkOc=
57,-39,lfkngva4Gq6rkk2gkeRk0ppq+ZY=,Vn32ValBymyNPpLe87a30Z0XkOc=
60,-35,lfkngva4Gq6rkk2gkeRk0ppq+ZY=,Vn32ValBymyNPpLe87a30Z0XkOc=
62,-39,lfkngva4Gq6rkk2gkeRk0ppq+ZY=,Vn32ValBymyNPpLe87a30Z0XkOc=
59,-33,lfkngva4Gq6rkk2gkeRk0ppq+ZY=,Vn32ValBymyNPpLe87a30Z0XkOc=
61,-33,lfkngva4Gq6rkk2gkeRk0ppq+ZY=,Vn32ValBymyNPpLe87a30Z0XkOc=
62,-33,lfkngva4Gq6rkk2gkeRk0ppq+ZY=,Vn32ValBymyNPpLe87a30Z0XkOc=
61,-39,lfkngva4Gq6rkk2gkeRk0ppq+ZY=,Vn32ValBymyNPpLe87a30Z0XkOc=
57,-38,lfkngva4Gq6rkk2gkeRk0ppq+ZY=,Vn32ValBymyNPpLe87a30Z0XkOc=
57,-37,lfkngva4Gq6rkk2gkeRk0ppq+ZY=,Vn32ValBymyNPpLe87a30Z0XkOc=
56,-39,lfkngva4Gq6rkk2gkeRk0ppq+ZY=,Vn32ValBymyNPpLe87a30Z0XkOc=
63,-39,lfkngva4Gq6rkk2gkeRk0ppq+ZY=,Vn32ValBymyNPpLe87a30Z0XkOc=
60,-39,lfkngva4Gq6rkk2gkeRk0ppq+ZY=,Vn32ValBymyNPpLe87a30Z0XkOc=
62,-36,lfkngva4Gq6rkk2gkeRk0ppq+ZY=,Vn32ValBymyNPpLe87a30Z0XkOc=
63,-40,lfkngva4Gq6rkk2gkeRk0ppq+ZY=,Vn32ValBymyNPpLe87a30Z0XkOc=
62,-40,lfkngva4Gq6rkk2gkeRk0ppq+ZY=,Vn32ValBymyNPpLe87a30Z0XkOc=
55,-37,lfkngva4Gq6rkk2gkeRk0ppq+ZY=,mAQpP/FzpemmXs/nOnqnQDiq5RM=
63,-33,lfkngva4Gq6rkk2gkeRk0ppq+ZY=,Vn32ValBymyNPpLe87a30Z0XkOc=
57,-33,lfkngva4Gq6rkk2gkeRk0ppq+ZY=,Vn32ValBymyNPpLe87a30Z0XkOc=
56,-33,lfkngva4Gq6rkk2gkeRk0ppq+ZY=,Vn32ValBymyNPpLe87a30Z0XkOc=
58,-38,lfkngva4Gq6rkk2gkeRk0ppq+ZY=,Vn32ValBymyNPpLe87a30Z0XkOc=
62,-34,lfkngva4Gq6rkk2gkeRk0ppq+ZY=,Vn32ValBymyNPpLe87a30Z0XkOc=
58,-33,lfkngva4Gq6rkk2gkeRk0ppq+ZY=,Vn32ValBymyNPpLe87a30Z0XkOc=
61,-40,lfkngva4Gq6rkk2gkeRk0ppq+ZY=,Vn32ValBymyNPpLe87a30Z0XkOc=
60,-34,lfkngva4Gq6rkk2gkeRk0ppq+ZY=,Vn32ValBymyNPpLe87a30Z0XkOc=
56,-40,lfkngva4Gq6rkk2gkeRk0ppq+ZY=,Vn32ValBymyNPpLe87a30Z0XkOc=
61,-34,lfkngva4Gq6rkk2gkeRk0ppq+ZY=,Vn32ValBymyNPpLe87a30Z0XkOc=
59,-35,lfkngva4Gq6rkk2gkeRk0ppq+ZY=,Vn32ValBymyNPpLe87a30Z0XkOc=
59,-34,lfkngva4Gq6rkk2gkeRk0ppq+ZY=,Vn32ValBymyNPpLe87a30Z0XkOc=
61,-36,lfkngva4Gq6rkk2gkeRk0ppq+ZY=,Vn32ValBymyNPpLe87a30Z0XkOc=
58,-34,lfkngva4Gq6rkk2gkeRk0ppq+ZY=,Vn32ValBymyNPpLe87a30Z0XkOc=
57,-34,lfkngva4Gq6rkk2gkeRk0ppq+ZY=,Vn32ValBymyNPpLe87a30Z0XkOc=
60,-40,lfkngva4Gq6rkk2gkeRk0ppq+ZY=,Vn32ValBymyNPpLe87a30Z0XkOc=
58,-35,lfkngva4Gq6rkk2gkeRk0ppq+ZY=,Vn32ValBymyNPpLe87a30Z0XkOc=
55,-38,lfkngva4Gq6rkk2gkeRk0ppq+ZY=,mAQpP/FzpemmXs/nOnqnQDiq5RM=
59,-38,lfkngva4Gq6rkk2gkeRk0ppq+ZY=,Vn32ValBymyNPpLe87a30Z0XkOc=
63,-35,lfkngva4Gq6rkk2gkeRk0ppq+ZY=,Vn32ValBymyNPpLe87a30Z0XkOc=
62,-37,lfkngva4Gq6rkk2gkeRk0ppq+ZY=,Vn32ValBymyNPpLe87a30Z0XkOc=
55,-39,lfkngva4Gq6rkk2gkeRk0ppq+ZY=,mAQpP/FzpemmXs/nOnqnQDiq5RM=
59,-40,lfkngva4Gq6rkk2gkeRk0ppq+ZY=,Vn32ValBymyNPpLe87a30Z0XkOc=
59,-36,lfkngva4Gq6rkk2gkeRk0ppq+ZY=,Vn32ValBymyNPpLe87a30Z0XkOc=
57,-35,lfkngva4Gq6rkk2gkeRk0ppq+ZY=,Vn32ValBymyNPpLe87a30Z0XkOc=
60,-36,lfkngva4Gq6rkk2gkeRk0ppq+ZY=,Vn32ValBymyNPpLe87a30Z0XkOc=
56,-35,lfkngva4Gq6rkk2gkeRk0ppq+ZY=,Vn32ValBymyNPpLe87a30Z0XkOc=
56,-34,lfkngva4Gq6rkk2gkeRk0ppq+ZY=,Vn32ValBymyNPpLe87a30Z0XkOc=
56,-37,lfkngva4Gq6rkk2gkeRk0ppq+ZY=,Vn32ValBymyNPpLe87a30Z0XkOc=
55,-40,lfkngva4Gq6rkk2gkeRk0ppq+ZY=,mAQpP/FzpemmXs/nOnqnQDiq5RM=
57,-36,lfkngva4Gq6rkk2gkeRk0ppq+ZY=,Vn32ValBymyNPpLe87a30Z0XkOc=
62,-35,lfkngva4Gq6rkk2gkeRk0ppq+ZY=,Vn32ValBymyNPpLe87a30Z0XkOc=
58,-40,lfkngva4Gq6rkk2gkeRk0ppq+ZY=,Vn32ValBymyNPpLe87a30Z0XkOc=
56,-36,lfkngva4Gq6rkk2gkeRk0ppq+ZY=,Vn32ValBymyNPpLe87a30Z0XkOc=
58,-36,lfkngva4Gq6rkk2gkeRk0ppq+ZY=,Vn32ValBymyNPpLe87a30Z0XkOc=
55,-34,lfkngva4Gq6rkk2gkeRk0ppq+ZY=,mAQpP/FzpemmXs/nOnqnQDiq5RM=
55,-33,lfkngva4Gq6rkk2gkeRk0ppq+ZY=,mAQpP/FzpemmXs/nOnqnQDiq5RM=
58,-37,lfkngva4Gq6rkk2gkeRk0ppq+ZY=,Vn32ValBymyNPpLe87a30Z0XkOc=
60,-38,lfkngva4Gq6rkk2gkeRk0ppq+ZY=,Vn32ValBymyNPpLe87a30Z0XkOc=
61,-37,lfkngva4Gq6rkk2gkeRk0ppq+ZY=,Vn32ValBymyNPpLe87a30Z0XkOc=
63,-37,lfkngva4Gq6rkk2gkeRk0ppq+ZY=,Vn32ValBymyNPpLe87a30Z0XkOc=
62,-38,lfkngva4Gq6rkk2gkeRk0ppq+ZY=,Vn32ValBymyNPpLe87a30Z0XkOc=
60,-37,lfkngva4Gq6rkk2gkeRk0ppq+ZY=,Vn32ValBymyNPpLe87a30Z0XkOc=
63,-38,lfkngva4Gq6rkk2gkeRk0ppq+ZY=,Vn32ValBymyNPpLe87a30Z0XkOc=
59,-37,lfkngva4Gq6rkk2gkeRk0ppq+ZY=,Vn32ValBymyNPpLe87a30Z0XkOc=
63,-36,lfkngva4Gq6rkk2gkeRk0ppq+ZY=,Vn32ValBymyNPpLe87a30Z0XkOc=
61,-38,lfkngva4Gq6rkk2gkeRk0ppq+ZY=,Vn32ValBymyNPpLe87a30Z0XkOc=
61,-35,lfkngva4Gq6rkk2gkeRk0ppq+ZY=,Vn32ValBymyNPpLe87a30Z0XkOc=
55,-35,lfkngva4Gq6rkk2gkeRk0ppq+ZY=,mAQpP/FzpemmXs/nOnqnQDiq5RM=
36,-33,pzd9V6AhuzfrhD/sab6E9qu5e58=,j9D4joxSAz/annvhAUnmYXFzb0s=
35,-33,pzd9V6AhuzfrhD/sab6E9qu5e58=,j9D4joxSAz/annvhAUnmYXFzb0s=
34,-33,pzd9V6AhuzfrhD/sab6E9qu5e58=,j9D4joxSAz/annvhAUnmYXFzb0s=
33,-33,pzd9V6AhuzfrhD/sab6E9qu5e58=,j9D4joxSAz/annvhAUnmYXFzb0s=
32,-33,pzd9V6AhuzfrhD/sab6E9qu5e58=,j9D4joxSAz/annvhAUnmYXFzb0s=
35,-34,pzd9V6AhuzfrhD/sab6E9qu5e58=,j9D4joxSAz/annvhAUnmYXFzb0s=
34,-34,pzd9V6AhuzfrhD/sab6E9qu5e58=,j9D4joxSAz/annvhAUnmYXFzb0s=
36,-34,pzd9V6AhuzfrhD/sab6E9qu5e58=,j9D4joxSAz/annvhAUnmYXFzb0s=
37,-34,pzd9V6AhuzfrhD/sab6E9qu5e58=,j9D4joxSAz/annvhAUnmYXFzb0s=
33,-34,pzd9V6AhuzfrhD/sab6E9qu5e58=,j9D4joxSAz/annvhAUnmYXFzb0s=
37,-35,pzd9V6AhuzfrhD/sab6E9qu5e58=,j9D4joxSAz/annvhAUnmYXFzb0s=
32,-34,pzd9V6AhuzfrhD/sab6E9qu5e58=,j9D4joxSAz/annvhAUnmYXFzb0s=
34,-35,pzd9V6AhuzfrhD/sab6E9qu5e58=,j9D4joxSAz/annvhAUnmYXFzb0s=
36,-35,pzd9V6AhuzfrhD/sab6E9qu5e58=,j9D4joxSAz/annvhAUnmYXFzb0s=
35,-35,pzd9V6AhuzfrhD/sab6E9qu5e58=,j9D4joxSAz/annvhAUnmYXFzb0s=
38,-35,pzd9V6AhuzfrhD/sab6E9qu5e58=,j9D4joxSAz/annvhAUnmYXFzb0s=
33,-35,pzd9V6AhuzfrhD/sab6E9qu5e58=,j9D4joxSAz/annvhAUnmYXFzb0s=
32,-35,pzd9V6AhuzfrhD/sab6E9qu5e58=,j9D4joxSAz/annvhAUnmYXFzb0s=
38,-36,pzd9V6AhuzfrhD/sab6E9qu5e58=,j9D4joxSAz/annvhAUnmYXFzb0s=
37,-36,pzd9V6AhuzfrhD/sab6E9qu5e58=,j9D4joxSAz/annvhAUnmYXFzb0s=
35,-36,pzd9V6AhuzfrhD/sab6E9qu5e58=,j9D4joxSAz/annvhAUnmYXFzb0s=
36,-36,pzd9V6AhuzfrhD/sab6E9qu5e58=,j9D4joxSAz/annvhAUnmYXFzb0s=
32,-36,pzd9V6AhuzfrhD/sab6E9qu5e58=,j9D4joxSAz/annvhAUnmYXFzb0s=
33,-36,pzd9V6AhuzfrhD/sab6E9qu5e58=,j9D4joxSAz/annvhAUnmYXFzb0s=
34,-36,pzd9V6AhuzfrhD/sab6E9qu5e58=,j9D4joxSAz/annvhAUnmYXFzb0s=
38,-37,pzd9V6AhuzfrhD/sab6E9qu5e58=,j9D4joxSAz/annvhAUnmYXFzb0s=
35,-37,pzd9V6AhuzfrhD/sab6E9qu5e58=,j9D4joxSAz/annvhAUnmYXFzb0s=
36,-37,pzd9V6AhuzfrhD/sab6E9qu5e58=,j9D4joxSAz/annvhAUnmYXFzb0s=
37,-37,pzd9V6AhuzfrhD/sab6E9qu5e58=,j9D4joxSAz/annvhAUnmYXFzb0s=
33,-37,pzd9V6AhuzfrhD/sab6E9qu5e58=,j9D4joxSAz/annvhAUnmYXFzb0s=
34,-37,pzd9V6AhuzfrhD/sab6E9qu5e58=,j9D4joxSAz/annvhAUnmYXFzb0s=
32,-37,pzd9V6AhuzfrhD/sab6E9qu5e58=,j9D4joxSAz/annvhAUnmYXFzb0s=
38,-38,pzd9V6AhuzfrhD/sab6E9qu5e58=,j9D4joxSAz/annvhAUnmYXFzb0s=
37,-38,pzd9V6AhuzfrhD/sab6E9qu5e58=,j9D4joxSAz/annvhAUnmYXFzb0s=
36,-38,pzd9V6AhuzfrhD/sab6E9qu5e58=,j9D4joxSAz/annvhAUnmYXFzb0s=
35,-38,pzd9V6AhuzfrhD/sab6E9qu5e58=,j9D4joxSAz/annvhAUnmYXFzb0s=
34,-38,pzd9V6AhuzfrhD/sab6E9qu5e58=,j9D4joxSAz/annvhAUnmYXFzb0s=
33,-38,pzd9V6AhuzfrhD/sab6E9qu5e58=,j9D4joxSAz/annvhAUnmYXFzb0s=
32,-38,pzd9V6AhuzfrhD/sab6E9qu5e58=,j9D4joxSAz/annvhAUnmYXFzb0s=
38,-39,pzd9V6AhuzfrhD/sab6E9qu5e58=,j9D4joxSAz/annvhAUnmYXFzb0s=
36,-39,pzd9V6AhuzfrhD/sab6E9qu5e58=,j9D4joxSAz/annvhAUnmYXFzb0s=
35,-39,pzd9V6AhuzfrhD/sab6E9qu5e58=,j9D4joxSAz/annvhAUnmYXFzb0s=
34,-39,pzd9V6AhuzfrhD/sab6E9qu5e58=,j9D4joxSAz/annvhAUnmYXFzb0s=
37,-39,pzd9V6AhuzfrhD/sab6E9qu5e58=,j9D4joxSAz/annvhAUnmYXFzb0s=
32,-39,pzd9V6AhuzfrhD/sab6E9qu5e58=,j9D4joxSAz/annvhAUnmYXFzb0s=
38,-40,pzd9V6AhuzfrhD/sab6E9qu5e58=,j9D4joxSAz/annvhAUnmYXFzb0s=
37,-40,pzd9V6AhuzfrhD/sab6E9qu5e58=,j9D4joxSAz/annvhAUnmYXFzb0s=
36,-40,pzd9V6AhuzfrhD/sab6E9qu5e58=,j9D4joxSAz/annvhAUnmYXFzb0s=
34,-40,pzd9V6AhuzfrhD/sab6E9qu5e58=,j9D4joxSAz/annvhAUnmYXFzb0s=
35,-40,pzd9V6AhuzfrhD/sab6E9qu5e58=,j9D4joxSAz/annvhAUnmYXFzb0s=
33,-39,pzd9V6AhuzfrhD/sab6E9qu5e58=,j9D4joxSAz/annvhAUnmYXFzb0s=
33,-40,pzd9V6AhuzfrhD/sab6E9qu5e58=,j9D4joxSAz/annvhAUnmYXFzb0s=
32,-40,pzd9V6AhuzfrhD/sab6E9qu5e58=,j9D4joxSAz/annvhAUnmYXFzb0s=
38,-34,pzd9V6AhuzfrhD/sab6E9qu5e58=,j9D4joxSAz/annvhAUnmYXFzb0s=
37,-33,pzd9V6AhuzfrhD/sab6E9qu5e58=,j9D4joxSAz/annvhAUnmYXFzb0s=
38,-33,pzd9V6AhuzfrhD/sab6E9qu5e58=,j9D4joxSAz/annvhAUnmYXFzb0s=
45,-39,pzd9V6AhuzfrhD/sab6E9qu5e58=,Z5k3ZvNeBkpGNBt+Y3tPJxPKlqY=
44,-39,pzd9V6AhuzfrhD/sab6E9qu5e58=,Z5k3ZvNeBkpGNBt+Y3tPJxPKlqY=
43,-39,pzd9V6AhuzfrhD/sab6E9qu5e58=,Z5k3ZvNeBkpGNBt+Y3tPJxPKlqY=
46,-39,pzd9V6AhuzfrhD/sab6E9qu5e58=,Z5k3ZvNeBkpGNBt+Y3tPJxPKlqY=
47,-35,pzd9V6AhuzfrhD/sab6E9qu5e58=,Z5k3ZvNeBkpGNBt+Y3tPJxPKlqY=
43,-38,pzd9V6AhuzfrhD/sab6E9qu5e58=,Z5k3ZvNeBkpGNBt+Y3tPJxPKlqY=
47,-36,pzd9V6AhuzfrhD/sab6E9qu5e58=,Z5k3ZvNeBkpGNBt+Y3tPJxPKlqY=
44,-33,pzd9V6AhuzfrhD/sab6E9qu5e58=,Z5k3ZvNeBkpGNBt+Y3tPJxPKlqY=
43,-33,pzd9V6AhuzfrhD/sab6E9qu5e58=,Z5k3ZvNeBkpGNBt+Y3tPJxPKlqY=
42,-33,pzd9V6AhuzfrhD/sab6E9qu5e58=,Z5k3ZvNeBkpGNBt+Y3tPJxPKlqY=
41,-33,pzd9V6AhuzfrhD/sab6E9qu5e58=,Z5k3ZvNeBkpGNBt+Y3tPJxPKlqY=
40,-33,pzd9V6AhuzfrhD/sab6E9qu5e58=,Z5k3ZvNeBkpGNBt+Y3tPJxPKlqY=
43,-40,pzd9V6AhuzfrhD/sab6E9qu5e58=,Z5k3ZvNeBkpGNBt+Y3tPJxPKlqY=
45,-34,pzd9V6AhuzfrhD/sab6E9qu5e58=,Z5k3ZvNeBkpGNBt+Y3tPJxPKlqY=
46,-34,pzd9V6AhuzfrhD/sab6E9qu5e58=,Z5k3ZvNeBkpGNBt+Y3tPJxPKlqY=
41,-38,pzd9V6AhuzfrhD/sab6E9qu5e58=,Z5k3ZvNeBkpGNBt+Y3tPJxPKlqY=
39,-35,pzd9V6AhuzfrhD/sab6E9qu5e58=,j9D4joxSAz/annvhAUnmYXFzb0s=
47,-39,pzd9V6AhuzfrhD/sab6E9qu5e58=,Z5k3ZvNeBkpGNBt+Y3tPJxPKlqY=
44,-34,pzd9V6AhuzfrhD/sab6E9qu5e58=,Z5k3ZvNeBkpGNBt+Y3tPJxPKlqY=
45,-33,pzd9V6AhuzfrhD/sab6E9qu5e58=,Z5k3ZvNeBkpGNBt+Y3tPJxPKlqY=
46,-36,pzd9V6AhuzfrhD/sab6E9qu5e58=,Z5k3ZvNeBkpGNBt+Y3tPJxPKlqY=
42,-38,pzd9V6AhuzfrhD/sab6E9qu5e58=,Z5k3ZvNeBkpGNBt+Y3tPJxPKlqY=
46,-35,pzd9V6AhuzfrhD/sab6E9qu5e58=,Z5k3ZvNeBkpGNBt+Y3tPJxPKlqY=
42,-39,pzd9V6AhuzfrhD/sab6E9qu5e58=,Z5k3ZvNeBkpGNBt+Y3tPJxPKlqY=
39,-34,pzd9V6AhuzfrhD/sab6E9qu5e58=,j9D4joxSAz/annvhAUnmYXFzb0s=
43,-34,pzd9V6AhuzfrhD/sab6E9qu5e58=,Z5k3ZvNeBkpGNBt+Y3tPJxPKlqY=
45,-35,pzd9V6AhuzfrhD/sab6E9qu5e58=,Z5k3ZvNeBkpGNBt+Y3tPJxPKlqY=
41,-39,pzd9V6AhuzfrhD/sab6E9qu5e58=,Z5k3ZvNeBkpGNBt+Y3tPJxPKlqY=
39,-36,pzd9V6AhuzfrhD/sab6E9qu5e58=,j9D4joxSAz/annvhAUnmYXFzb0s=
44,-35,pzd9V6AhuzfrhD/sab6E9qu5e58=,Z5k3ZvNeBkpGNBt+Y3tPJxPKlqY=
40,-39,pzd9V6AhuzfrhD/sab6E9qu5e58=,Z5k3ZvNeBkpGNBt+Y3tPJxPKlqY=
40,-38,pzd9V6AhuzfrhD/sab6E9qu5e58=,Z5k3ZvNeBkpGNBt+Y3tPJxPKlqY=
39,-37,pzd9V6AhuzfrhD/sab6E9qu5e58=,j9D4joxSAz/annvhAUnmYXFzb0s=
39,-38,pzd9V6AhuzfrhD/sab6E9qu5e58=,j9D4joxSAz/annvhAUnmYXFzb0s=
47,-40,pzd9V6AhuzfrhD/sab6E9qu5e58=,Z5k3ZvNeBkpGNBt+Y3tPJxPKlqY=
39,-39,pzd9V6AhuzfrhD/sab6E9qu5e58=,j9D4joxSAz/annvhAUnmYXFzb0s=
45,-36,pzd9V6AhuzfrhD/sab6E9qu5e58=,Z5k3ZvNeBkpGNBt+Y3tPJxPKlqY=
47,-34,pzd9V6AhuzfrhD/sab6E9qu5e58=,Z5k3ZvNeBkpGNBt+Y3tPJxPKlqY=
46,-40,pzd9V6AhuzfrhD/sab6E9qu5e58=,Z5k3ZvNeBkpGNBt+Y3tPJxPKlqY=
46,-33,pzd9V6AhuzfrhD/sab6E9qu5e58=,Z5k3ZvNeBkpGNBt+Y3tPJxPKlqY=
40,-40,pzd9V6AhuzfrhD/sab6E9qu5e58=,Z5k3ZvNeBkpGNBt+Y3tPJxPKlqY=
42,-34,pzd9V6AhuzfrhD/sab6E9qu5e58=,Z5k3ZvNeBkpGNBt+Y3tPJxPKlqY=
43,-35,pzd9V6AhuzfrhD/sab6E9qu5e58=,Z5k3ZvNeBkpGNBt+Y3tPJxPKlqY=
39,-40,pzd9V6AhuzfrhD/sab6E9qu5e58=,j9D4joxSAz/annvhAUnmYXFzb0s=
44,-36,pzd9V6AhuzfrhD/sab6E9qu5e58=,Z5k3ZvNeBkpGNBt+Y3tPJxPKlqY=
45,-40,pzd9V6AhuzfrhD/sab6E9qu5e58=,Z5k3ZvNeBkpGNBt+Y3tPJxPKlqY=
42,-40,pzd9V6AhuzfrhD/sab6E9qu5e58=,Z5k3ZvNeBkpGNBt+Y3tPJxPKlqY=
43,-36,pzd9V6AhuzfrhD/sab6E9qu5e58=,Z5k3ZvNeBkpGNBt+Y3tPJxPKlqY=
47,-37,pzd9V6AhuzfrhD/sab6E9qu5e58=,Z5k3ZvNeBkpGNBt+Y3tPJxPKlqY=
41,-34,pzd9V6AhuzfrhD/sab6E9qu5e58=,Z5k3ZvNeBkpGNBt+Y3tPJxPKlqY=
47,-38,pzd9V6AhuzfrhD/sab6E9qu5e58=,Z5k3ZvNeBkpGNBt+Y3tPJxPKlqY=
41,-36,pzd9V6AhuzfrhD/sab6E9qu5e58=,Z5k3ZvNeBkpGNBt+Y3tPJxPKlqY=
46,-37,pzd9V6AhuzfrhD/sab6E9qu5e58=,Z5k3ZvNeBkpGNBt+Y3tPJxPKlqY=
46,-38,pzd9V6AhuzfrhD/sab6E9qu5e58=,Z5k3ZvNeBkpGNBt+Y3tPJxPKlqY=
41,-35,pzd9V6AhuzfrhD/sab6E9qu5e58=,Z5k3ZvNeBkpGNBt+Y3tPJxPKlqY=
47,-33,pzd9V6AhuzfrhD/sab6E9qu5e58=,Z5k3ZvNeBkpGNBt+Y3tPJxPKlqY=
45,-38,pzd9V6AhuzfrhD/sab6E9qu5e58=,Z5k3ZvNeBkpGNBt+Y3tPJxPKlqY=
40,-36,pzd9V6AhuzfrhD/sab6E9qu5e58=,Z5k3ZvNeBkpGNBt+Y3tPJxPKlqY=
42,-35,pzd9V6AhuzfrhD/sab6E9qu5e58=,Z5k3ZvNeBkpGNBt+Y3tPJxPKlqY=
41,-40,pzd9V6AhuzfrhD/sab6E9qu5e58=,Z5k3ZvNeBkpGNBt+Y3tPJxPKlqY=
44,-40,pzd9V6AhuzfrhD/sab6E9qu5e58=,Z5k3ZvNeBkpGNBt+Y3tPJxPKlqY=
45,-37,pzd9V6AhuzfrhD/sab6E9qu5e58=,Z5k3ZvNeBkpGNBt+Y3tPJxPKlqY=
42,-37,pzd9V6AhuzfrhD/sab6E9qu5e58=,Z5k3ZvNeBkpGNBt+Y3tPJxPKlqY=
41,-37,pzd9V6AhuzfrhD/sab6E9qu5e58=,Z5k3ZvNeBkpGNBt+Y3tPJxPKlqY=
43,-37,pzd9V6AhuzfrhD/sab6E9qu5e58=,Z5k3ZvNeBkpGNBt+Y3tPJxPKlqY=
40,-37,pzd9V6AhuzfrhD/sab6E9qu5e58=,Z5k3ZvNeBkpGNBt+Y3tPJxPKlqY=
44,-38,pzd9V6AhuzfrhD/sab6E9qu5e58=,Z5k3ZvNeBkpGNBt+Y3tPJxPKlqY=
44,-37,pzd9V6AhuzfrhD/sab6E9qu5e58=,Z5k3ZvNeBkpGNBt+Y3tPJxPKlqY=
40,-34,pzd9V6AhuzfrhD/sab6E9qu5e58=,Z5k3ZvNeBkpGNBt+Y3tPJxPKlqY=
40,-35,pzd9V6AhuzfrhD/sab6E9qu5e58=,Z5k3ZvNeBkpGNBt+Y3tPJxPKlqY=
39,-33,pzd9V6AhuzfrhD/sab6E9qu5e58=,j9D4joxSAz/annvhAUnmYXFzb0s=
42,-36,pzd9V6AhuzfrhD/sab6E9qu5e58=,Z5k3ZvNeBkpGNBt+Y3tPJxPKlqY=
42,-53,pzd9V6AhuzfrhD/sab6E9qu5e58=,PGf+tbKy3refHhGC0AjzmfUYQrA=
41,-52,pzd9V6AhuzfrhD/sab6E9qu5e58=,PGf+tbKy3refHhGC0AjzmfUYQrA=
47,-53,pzd9V6AhuzfrhD/sab6E9qu5e58=,PGf+tbKy3refHhGC0AjzmfUYQrA=
45,-49,pzd9V6AhuzfrhD/sab6E9qu5e58=,PGf+tbKy3refHhGC0AjzmfUYQrA=
47,-50,pzd9V6AhuzfrhD/sab6E9qu5e58=,PGf+tbKy3refHhGC0AjzmfUYQrA=
44,-49,TSln/Ca0AJyKhyn7WdqNe2oXzko=,PGf+tbKy3refHhGC0AjzmfUYQrA=
47,-49,pzd9V6AhuzfrhD/sab6E9qu5e58=,PGf+tbKy3refHhGC0AjzmfUYQrA=
46,-53,pzd9V6AhuzfrhD/sab6E9qu5e58=,PGf+tbKy3refHhGC0AjzmfUYQrA=
46,-49,pzd9V6AhuzfrhD/sab6E9qu5e58=,PGf+tbKy3refHhGC0AjzmfUYQrA=
41,-53,pzd9V6AhuzfrhD/sab6E9qu5e58=,PGf+tbKy3refHhGC0AjzmfUYQrA=
45,-53,pzd9V6AhuzfrhD/sab6E9qu5e58=,PGf+tbKy3refHhGC0AjzmfUYQrA=
43,-49,TSln/Ca0AJyKhyn7WdqNe2oXzko=,PGf+tbKy3refHhGC0AjzmfUYQrA=
46,-50,pzd9V6AhuzfrhD/sab6E9qu5e58=,PGf+tbKy3refHhGC0AjzmfUYQrA=
47,-55,TSln/Ca0AJyKhyn7WdqNe2oXzko=,PGf+tbKy3refHhGC0AjzmfUYQrA=
47,-54,pzd9V6AhuzfrhD/sab6E9qu5e58=,PGf+tbKy3refHhGC0AjzmfUYQrA=
42,-49,TSln/Ca0AJyKhyn7WdqNe2oXzko=,PGf+tbKy3refHhGC0AjzmfUYQrA=
45,-50,TSln/Ca0AJyKhyn7WdqNe2oXzko=,PGf+tbKy3refHhGC0AjzmfUYQrA=
46,-55,pzd9V6AhuzfrhD/sab6E9qu5e58=,PGf+tbKy3refHhGC0AjzmfUYQrA=
44,-50,pzd9V6AhuzfrhD/sab6E9qu5e58=,PGf+tbKy3refHhGC0AjzmfUYQrA=
41,-49,pzd9V6AhuzfrhD/sab6E9qu5e58=,PGf+tbKy3refHhGC0AjzmfUYQrA=
46,-54,pzd9V6AhuzfrhD/sab6E9qu5e58=,PGf+tbKy3refHhGC0AjzmfUYQrA=
45,-55,pzd9V6AhuzfrhD/sab6E9qu5e58=,PGf+tbKy3refHhGC0AjzmfUYQrA=
45,-54,pzd9V6AhuzfrhD/sab6E9qu5e58=,PGf+tbKy3refHhGC0AjzmfUYQrA=
43,-50,pzd9V6AhuzfrhD/sab6E9qu5e58=,PGf+tbKy3refHhGC0AjzmfUYQrA=
43,-51,pzd9V6AhuzfrhD/sab6E9qu5e58=,PGf+tbKy3refHhGC0AjzmfUYQrA=
44,-54,pzd9V6AhuzfrhD/sab6E9qu5e58=,PGf+tbKy3refHhGC0AjzmfUYQrA=
42,-51,pzd9V6AhuzfrhD/sab6E9qu5e58=,PGf+tbKy3refHhGC0AjzmfUYQrA=
41,-51,pzd9V6AhuzfrhD/sab6E9qu5e58=,PGf+tbKy3refHhGC0AjzmfUYQrA=
47,-52,pzd9V6AhuzfrhD/sab6E9qu5e58=,PGf+tbKy3refHhGC0AjzmfUYQrA=
43,-54,pzd9V6AhuzfrhD/sab6E9qu5e58=,PGf+tbKy3refHhGC0AjzmfUYQrA=
43,-55,pzd9V6AhuzfrhD/sab6E9qu5e58=,PGf+tbKy3refHhGC0AjzmfUYQrA=
44,-55,pzd9V6AhuzfrhD/sab6E9qu5e58=,PGf+tbKy3refHhGC0AjzmfUYQrA=
42,-55,pzd9V6AhuzfrhD/sab6E9qu5e58=,PGf+tbKy3refHhGC0AjzmfUYQrA=
43,-52,pzd9V6AhuzfrhD/sab6E9qu5e58=,PGf+tbKy3refHhGC0AjzmfUYQrA=
41,-50,pzd9V6AhuzfrhD/sab6E9qu5e58=,PGf+tbKy3refHhGC0AjzmfUYQrA=
41,-55,pzd9V6AhuzfrhD/sab6E9qu5e58=,PGf+tbKy3refHhGC0AjzmfUYQrA=
47,-51,TSln/Ca0AJyKhyn7WdqNe2oXzko=,PGf+tbKy3refHhGC0AjzmfUYQrA=
46,-51,pzd9V6AhuzfrhD/sab6E9qu5e58=,PGf+tbKy3refHhGC0AjzmfUYQrA=
46,-52,pzd9V6AhuzfrhD/sab6E9qu5e58=,PGf+tbKy3refHhGC0AjzmfUYQrA=
45,-52,pzd9V6AhuzfrhD/sab6E9qu5e58=,PGf+tbKy3refHhGC0AjzmfUYQrA=
42,-52,pzd9V6AhuzfrhD/sab6E9qu5e58=,PGf+tbKy3refHhGC0AjzmfUYQrA=
45,-51,pzd9V6AhuzfrhD/sab6E9qu5e58=,PGf+tbKy3refHhGC0AjzmfUYQrA=
44,-51,pzd9V6AhuzfrhD/sab6E9qu5e58=,PGf+tbKy3refHhGC0AjzmfUYQrA=
44,-52,pzd9V6AhuzfrhD/sab6E9qu5e58=,PGf+tbKy3refHhGC0AjzmfUYQrA=
44,-53,pzd9V6AhuzfrhD/sab6E9qu5e58=,PGf+tbKy3refHhGC0AjzmfUYQrA=
43,-53,pzd9V6AhuzfrhD/sab6E9qu5e58=,PGf+tbKy3refHhGC0AjzmfUYQrA=
42,-50,pzd9V6AhuzfrhD/sab6E9qu5e58=,PGf+tbKy3refHhGC0AjzmfUYQrA=
41,-54,TSln/Ca0AJyKhyn7WdqNe2oXzko=,PGf+tbKy3refHhGC0AjzmfUYQrA=
42,-54,pzd9V6AhuzfrhD/sab6E9qu5e58=,PGf+tbKy3refHhGC0AjzmfUYQrA=
36,-55,pzd9V6AhuzfrhD/sab6E9qu5e58=,x/1L9jBUX4k84O3VEHOn4jmquXw=
40,-52,pzd9V6AhuzfrhD/sab6E9qu5e58=,PGf+tbKy3refHhGC0AjzmfUYQrA=
37,-55,pzd9V6AhuzfrhD/sab6E9qu5e58=,x/1L9jBUX4k84O3VEHOn4jmquXw=
35,-55,pzd9V6AhuzfrhD/sab6E9qu5e58=,x/1L9jBUX4k84O3VEHOn4jmquXw=
38,-55,pzd9V6AhuzfrhD/sab6E9qu5e58=,x/1L9jBUX4k84O3VEHOn4jmquXw=
34,-55,pzd9V6AhuzfrhD/sab6E9qu5e58=,x/1L9jBUX4k84O3VEHOn4jmquXw=
39,-55,pzd9V6AhuzfrhD/sab6E9qu5e58=,x/1L9jBUX4k84O3VEHOn4jmquXw=
32,-54,pzd9V6AhuzfrhD/sab6E9qu5e58=,x/1L9jBUX4k84O3VEHOn4jmquXw=
33,-54,pzd9V6AhuzfrhD/sab6E9qu5e58=,x/1L9jBUX4k84O3VEHOn4jmquXw=
34,-54,pzd9V6AhuzfrhD/sab6E9qu5e58=,x/1L9jBUX4k84O3VEHOn4jmquXw=
40,-50,pzd9V6AhuzfrhD/sab6E9qu5e58=,PGf+tbKy3refHhGC0AjzmfUYQrA=
35,-54,pzd9V6AhuzfrhD/sab6E9qu5e58=,x/1L9jBUX4k84O3VEHOn4jmquXw=
36,-54,pzd9V6AhuzfrhD/sab6E9qu5e58=,x/1L9jBUX4k84O3VEHOn4jmquXw=
37,-54,pzd9V6AhuzfrhD/sab6E9qu5e58=,x/1L9jBUX4k84O3VEHOn4jmquXw=
40,-54,pzd9V6AhuzfrhD/sab6E9qu5e58=,PGf+tbKy3refHhGC0AjzmfUYQrA=
40,-51,pzd9V6AhuzfrhD/sab6E9qu5e58=,PGf+tbKy3refHhGC0AjzmfUYQrA=
40,-53,pzd9V6AhuzfrhD/sab6E9qu5e58=,PGf+tbKy3refHhGC0AjzmfUYQrA=
39,-49,pzd9V6AhuzfrhD/sab6E9qu5e58=,x/1L9jBUX4k84O3VEHOn4jmquXw=
38,-49,pzd9V6AhuzfrhD/sab6E9qu5e58=,x/1L9jBUX4k84O3VEHOn4jmquXw=
37,-49,pzd9V6AhuzfrhD/sab6E9qu5e58=,x/1L9jBUX4k84O3VEHOn4jmquXw=
36,-49,pzd9V6AhuzfrhD/sab6E9qu5e58=,x/1L9jBUX4k84O3VEHOn4jmquXw=
32,-55,pzd9V6AhuzfrhD/sab6E9qu5e58=,x/1L9jBUX4k84O3VEHOn4jmquXw=
38,-54,pzd9V6AhuzfrhD/sab6E9qu5e58=,x/1L9jBUX4k84O3VEHOn4jmquXw=
34,-49,pzd9V6AhuzfrhD/sab6E9qu5e58=,x/1L9jBUX4k84O3VEHOn4jmquXw=
39,-54,pzd9V6AhuzfrhD/sab6E9qu5e58=,x/1L9jBUX4k84O3VEHOn4jmquXw=
33,-53,pzd9V6AhuzfrhD/sab6E9qu5e58=,x/1L9jBUX4k84O3VEHOn4jmquXw=
32,-53,pzd9V6AhuzfrhD/sab6E9qu5e58=,x/1L9jBUX4k84O3VEHOn4jmquXw=
34,-53,pzd9V6AhuzfrhD/sab6E9qu5e58=,x/1L9jBUX4k84O3VEHOn4jmquXw=
35,-53,pzd9V6AhuzfrhD/sab6E9qu5e58=,x/1L9jBUX4k84O3VEHOn4jmquXw=
33,-49,pzd9V6AhuzfrhD/sab6E9qu5e58=,x/1L9jBUX4k84O3VEHOn4jmquXw=
36,-53,pzd9V6AhuzfrhD/sab6E9qu5e58=,x/1L9jBUX4k84O3VEHOn4jmquXw=
40,-55,pzd9V6AhuzfrhD/sab6E9qu5e58=,PGf+tbKy3refHhGC0AjzmfUYQrA=
39,-50,pzd9V6AhuzfrhD/sab6E9qu5e58=,x/1L9jBUX4k84O3VEHOn4jmquXw=
38,-50,pzd9V6AhuzfrhD/sab6E9qu5e58=,x/1L9jBUX4k84O3VEHOn4jmquXw=
32,-49,pzd9V6AhuzfrhD/sab6E9qu5e58=,x/1L9jBUX4k84O3VEHOn4jmquXw=
37,-50,pzd9V6AhuzfrhD/sab6E9qu5e58=,x/1L9jBUX4k84O3VEHOn4jmquXw=
36,-50,pzd9V6AhuzfrhD/sab6E9qu5e58=,x/1L9jBUX4k84O3VEHOn4jmquXw=
32,-50,pzd9V6AhuzfrhD/sab6E9qu5e58=,x/1L9jBUX4k84O3VEHOn4jmquXw=
33,-50,pzd9V6AhuzfrhD/sab6E9qu5e58=,x/1L9jBUX4k84O3VEHOn4jmquXw=
39,-51,pzd9V6AhuzfrhD/sab6E9qu5e58=,x/1L9jBUX4k84O3VEHOn4jmquXw=
38,-51,pzd9V6AhuzfrhD/sab6E9qu5e58=,x/1L9jBUX4k84O3VEHOn4jmquXw=
37,-51,pzd9V6AhuzfrhD/sab6E9qu5e58=,x/1L9jBUX4k84O3VEHOn4jmquXw=
33,-51,pzd9V6AhuzfrhD/sab6E9qu5e58=,x/1L9jBUX4k84O3VEHOn4jmquXw=
32,-51,pzd9V6AhuzfrhD/sab6E9qu5e58=,x/1L9jBUX4k84O3VEHOn4jmquXw=
34,-51,pzd9V6AhuzfrhD/sab6E9qu5e58=,x/1L9jBUX4k84O3VEHOn4jmquXw=
35,-51,pzd9V6AhuzfrhD/sab6E9qu5e58=,x/1L9jBUX4k84O3VEHOn4jmquXw=
39,-52,pzd9V6AhuzfrhD/sab6E9qu5e58=,x/1L9jBUX4k84O3VEHOn4jmquXw=
34,-52,pzd9V6AhuzfrhD/sab6E9qu5e58=,x/1L9jBUX4k84O3VEHOn4jmquXw=
33,-52,pzd9V6AhuzfrhD/sab6E9qu5e58=,x/1L9jBUX4k84O3VEHOn4jmquXw=
32,-52,pzd9V6AhuzfrhD/sab6E9qu5e58=,x/1L9jBUX4k84O3VEHOn4jmquXw=
40,-49,pzd9V6AhuzfrhD/sab6E9qu5e58=,PGf+tbKy3refHhGC0AjzmfUYQrA=
38,-52,pzd9V6AhuzfrhD/sab6E9qu5e58=,x/1L9jBUX4k84O3VEHOn4jmquXw=
36,-52,pzd9V6AhuzfrhD/sab6E9qu5e58=,x/1L9jBUX4k84O3VEHOn4jmquXw=
39,-53,pzd9V6AhuzfrhD/sab6E9qu5e58=,x/1L9jBUX4k84O3VEHOn4jmquXw=
38,-53,pzd9V6AhuzfrhD/sab6E9qu5e58=,x/1L9jBUX4k84O3VEHOn4jmquXw=
33,-55,pzd9V6AhuzfrhD/sab6E9qu5e58=,x/1L9jBUX4k84O3VEHOn4jmquXw=
35,-49,pzd9V6AhuzfrhD/sab6E9qu5e58=,x/1L9jBUX4k84O3VEHOn4jmquXw=
37,-53,pzd9V6AhuzfrhD/sab6E9qu5e58=,x/1L9jBUX4k84O3VEHOn4jmquXw=
34,-50,pzd9V6AhuzfrhD/sab6E9qu5e58=,x/1L9jBUX4k84O3VEHOn4jmquXw=
36,-51,pzd9V6AhuzfrhD/sab6E9qu5e58=,x/1L9jBUX4k84O3VEHOn4jmquXw=
35,-50,pzd9V6AhuzfrhD/sab6E9qu5e58=,x/1L9jBUX4k84O3VEHOn4jmquXw=
35,-52,pzd9V6AhuzfrhD/sab6E9qu5e58=,x/1L9jBUX4k84O3VEHOn4jmquXw=
37,-52,pzd9V6AhuzfrhD/sab6E9qu5e58=,x/1L9jBUX4k84O3VEHOn4jmquXw=
36,-41,pzd9V6AhuzfrhD/sab6E9qu5e58=,jhUanv1EmEpGQBqjdP/e3/Kh32o=
37,-41,pzd9V6AhuzfrhD/sab6E9qu5e58=,jhUanv1EmEpGQBqjdP/e3/Kh32o=
38,-41,pzd9V6AhuzfrhD/sab6E9qu5e58=,jhUanv1EmEpGQBqjdP/e3/Kh32o=
36,-47,pzd9V6AhuzfrhD/sab6E9qu5e58=,jhUanv1EmEpGQBqjdP/e3/Kh32o=
37,-47,pzd9V6AhuzfrhD/sab6E9qu5e58=,jhUanv1EmEpGQBqjdP/e3/Kh32o=
38,-47,pzd9V6AhuzfrhD/sab6E9qu5e58=,jhUanv1EmEpGQBqjdP/e3/Kh32o=
39,-47,pzd9V6AhuzfrhD/sab6E9qu5e58=,jhUanv1EmEpGQBqjdP/e3/Kh32o=
32,-46,pzd9V6AhuzfrhD/sab6E9qu5e58=,jhUanv1EmEpGQBqjdP/e3/Kh32o=
33,-46,pzd9V6AhuzfrhD/sab6E9qu5e58=,jhUanv1EmEpGQBqjdP/e3/Kh32o=
34,-46,pzd9V6AhuzfrhD/sab6E9qu5e58=,jhUanv1EmEpGQBqjdP/e3/Kh32o=
35,-46,pzd9V6AhuzfrhD/sab6E9qu5e58=,jhUanv1EmEpGQBqjdP/e3/Kh32o=
36,-46,pzd9V6AhuzfrhD/sab6E9qu5e58=,jhUanv1EmEpGQBqjdP/e3/Kh32o=
37,-46,pzd9V6AhuzfrhD/sab6E9qu5e58=,jhUanv1EmEpGQBqjdP/e3/Kh32o=
38,-46,pzd9V6AhuzfrhD/sab6E9qu5e58=,jhUanv1EmEpGQBqjdP/e3/Kh32o=
39,-46,pzd9V6AhuzfrhD/sab6E9qu5e58=,jhUanv1EmEpGQBqjdP/e3/Kh32o=
32,-45,pzd9V6AhuzfrhD/sab6E9qu5e58=,jhUanv1EmEpGQBqjdP/e3/Kh32o=
33,-45,pzd9V6AhuzfrhD/sab6E9qu5e58=,jhUanv1EmEpGQBqjdP/e3/Kh32o=
34,-45,pzd9V6AhuzfrhD/sab6E9qu5e58=,jhUanv1EmEpGQBqjdP/e3/Kh32o=
35,-45,pzd9V6AhuzfrhD/sab6E9qu5e58=,jhUanv1EmEpGQBqjdP/e3/Kh32o=
36,-45,pzd9V6AhuzfrhD/sab6E9qu5e58=,jhUanv1EmEpGQBqjdP/e3/Kh32o=
37,-45,pzd9V6AhuzfrhD/sab6E9qu5e58=,jhUanv1EmEpGQBqjdP/e3/Kh32o=
38,-45,pzd9V6AhuzfrhD/sab6E9qu5e58=,jhUanv1EmEpGQBqjdP/e3/Kh32o=
39,-45,pzd9V6AhuzfrhD/sab6E9qu5e58=,jhUanv1EmEpGQBqjdP/e3/Kh32o=
32,-44,pzd9V6AhuzfrhD/sab6E9qu5e58=,jhUanv1EmEpGQBqjdP/e3/Kh32o=
33,-44,pzd9V6AhuzfrhD/sab6E9qu5e58=,jhUanv1EmEpGQBqjdP/e3/Kh32o=
34,-44,pzd9V6AhuzfrhD/sab6E9qu5e58=,jhUanv1EmEpGQBqjdP/e3/Kh32o=
35,-44,pzd9V6AhuzfrhD/sab6E9qu5e58=,jhUanv1EmEpGQBqjdP/e3/Kh32o=
36,-44,pzd9V6AhuzfrhD/sab6E9qu5e58=,jhUanv1EmEpGQBqjdP/e3/Kh32o=
37,-44,pzd9V6AhuzfrhD/sab6E9qu5e58=,jhUanv1EmEpGQBqjdP/e3/Kh32o=
38,-44,pzd9V6AhuzfrhD/sab6E9qu5e58=,jhUanv1EmEpGQBqjdP/e3/Kh32o=
39,-44,pzd9V6AhuzfrhD/sab6E9qu5e58=,jhUanv1EmEpGQBqjdP/e3/Kh32o=
32,-43,pzd9V6AhuzfrhD/sab6E9qu5e58=,jhUanv1EmEpGQBqjdP/e3/Kh32o=
33,-43,pzd9V6AhuzfrhD/sab6E9qu5e58=,jhUanv1EmEpGQBqjdP/e3/Kh32o=
34,-43,pzd9V6AhuzfrhD/sab6E9qu5e58=,jhUanv1EmEpGQBqjdP/e3/Kh32o=
35,-43,pzd9V6AhuzfrhD/sab6E9qu5e58=,jhUanv1EmEpGQBqjdP/e3/Kh32o=
33,-48,pzd9V6AhuzfrhD/sab6E9qu5e58=,jhUanv1EmEpGQBqjdP/e3/Kh32o=
39,-43,pzd9V6AhuzfrhD/sab6E9qu5e58=,jhUanv1EmEpGQBqjdP/e3/Kh32o=
35,-41,pzd9V6AhuzfrhD/sab6E9qu5e58=,jhUanv1EmEpGQBqjdP/e3/Kh32o=
35,-47,pzd9V6AhuzfrhD/sab6E9qu5e58=,jhUanv1EmEpGQBqjdP/e3/Kh32o=
34,-41,pzd9V6AhuzfrhD/sab6E9qu5e58=,jhUanv1EmEpGQBqjdP/e3/Kh32o=
33,-41,pzd9V6AhuzfrhD/sab6E9qu5e58=,jhUanv1EmEpGQBqjdP/e3/Kh32o=
34,-47,pzd9V6AhuzfrhD/sab6E9qu5e58=,jhUanv1EmEpGQBqjdP/e3/Kh32o=
32,-41,pzd9V6AhuzfrhD/sab6E9qu5e58=,jhUanv1EmEpGQBqjdP/e3/Kh32o=
39,-42,pzd9V6AhuzfrhD/sab6E9qu5e58=,jhUanv1EmEpGQBqjdP/e3/Kh32o=
38,-43,pzd9V6AhuzfrhD/sab6E9qu5e58=,jhUanv1EmEpGQBqjdP/e3/Kh32o=
33,-47,pzd9V6AhuzfrhD/sab6E9qu5e58=,jhUanv1EmEpGQBqjdP/e3/Kh32o=
38,-42,pzd9V6AhuzfrhD/sab6E9qu5e58=,jhUanv1EmEpGQBqjdP/e3/Kh32o=
37,-42,pzd9V6AhuzfrhD/sab6E9qu5e58=,jhUanv1EmEpGQBqjdP/e3/Kh32o=
36,-42,pzd9V6AhuzfrhD/sab6E9qu5e58=,jhUanv1EmEpGQBqjdP/e3/Kh32o=
35,-42,pzd9V6AhuzfrhD/sab6E9qu5e58=,jhUanv1EmEpGQBqjdP/e3/Kh32o=
34,-42,pzd9V6AhuzfrhD/sab6E9qu5e58=,jhUanv1EmEpGQBqjdP/e3/Kh32o=
33,-42,pzd9V6AhuzfrhD/sab6E9qu5e58=,jhUanv1EmEpGQBqjdP/e3/Kh32o=
32,-42,pzd9V6AhuzfrhD/sab6E9qu5e58=,jhUanv1EmEpGQBqjdP/e3/Kh32o=
38,-48,pzd9V6AhuzfrhD/sab6E9qu5e58=,jhUanv1EmEpGQBqjdP/e3/Kh32o=
37,-43,pzd9V6AhuzfrhD/sab6E9qu5e58=,jhUanv1EmEpGQBqjdP/e3/Kh32o=
36,-43,pzd9V6AhuzfrhD/sab6E9qu5e58=,jhUanv1EmEpGQBqjdP/e3/Kh32o=
37,-48,pzd9V6AhuzfrhD/sab6E9qu5e58=,jhUanv1EmEpGQBqjdP/e3/Kh32o=
36,-48,pzd9V6AhuzfrhD/sab6E9qu5e58=,jhUanv1EmEpGQBqjdP/e3/Kh32o=
35,-48,pzd9V6AhuzfrhD/sab6E9qu5e58=,jhUanv1EmEpGQBqjdP/e3/Kh32o=
39,-48,pzd9V6AhuzfrhD/sab6E9qu5e58=,jhUanv1EmEpGQBqjdP/e3/Kh32o=
32,-48,pzd9V6AhuzfrhD/sab6E9qu5e58=,jhUanv1EmEpGQBqjdP/e3/Kh32o=
34,-48,pzd9V6AhuzfrhD/sab6E9qu5e58=,jhUanv1EmEpGQBqjdP/e3/Kh32o=
32,-47,pzd9V6AhuzfrhD/sab6E9qu5e58=,jhUanv1EmEpGQBqjdP/e3/Kh32o=
39,-41,pzd9V6AhuzfrhD/sab6E9qu5e58=,jhUanv1EmEpGQBqjdP/e3/Kh32o=
35,-56,pzd9V6AhuzfrhD/sab6E9qu5e58=,x/1L9jBUX4k84O3VEHOn4jmquXw=
34,-56,pzd9V6AhuzfrhD/sab6E9qu5e58=,x/1L9jBUX4k84O3VEHOn4jmquXw=
36,-56,pzd9V6AhuzfrhD/sab6E9qu5e58=,x/1L9jBUX4k84O3VEHOn4jmquXw=
33,-56,pzd9V6AhuzfrhD/sab6E9qu5e58=,x/1L9jBUX4k84O3VEHOn4jmquXw=
38,-56,pzd9V6AhuzfrhD/sab6E9qu5e58=,x/1L9jBUX4k84O3VEHOn4jmquXw=
32,-56,pzd9V6AhuzfrhD/sab6E9qu5e58=,x/1L9jBUX4k84O3VEHOn4jmquXw=
37,-56,pzd9V6AhuzfrhD/sab6E9qu5e58=,x/1L9jBUX4k84O3VEHOn4jmquXw=
47,-57,pzd9V6AhuzfrhD/sab6E9qu5e58=,DXeEwoe/KyYd0lDDJvYqNLoZRYI=
40,-57,pzd9V6AhuzfrhD/sab6E9qu5e58=,DXeEwoe/KyYd0lDDJvYqNLoZRYI=
40,-56,pzd9V6AhuzfrhD/sab6E9qu5e58=,PGf+tbKy3refHhGC0AjzmfUYQrA=
41,-58,TSln/Ca0AJyKhyn7WdqNe2oXzko=,DXeEwoe/KyYd0lDDJvYqNLoZRYI=
46,-57,pzd9V6AhuzfrhD/sab6E9qu5e58=,DXeEwoe/KyYd0lDDJvYqNLoZRYI=
41,-57,pzd9V6AhuzfrhD/sab6E9qu5e58=,DXeEwoe/KyYd0lDDJvYqNLoZRYI=
40,-58,TSln/Ca0AJyKhyn7WdqNe2oXzko=,DXeEwoe/KyYd0lDDJvYqNLoZRYI=
47,-56,pzd9V6AhuzfrhD/sab6E9qu5e58=,PGf+tbKy3refHhGC0AjzmfUYQrA=
47,-58,TSln/Ca0AJyKhyn7WdqNe2oXzko=,DXeEwoe/KyYd0lDDJvYqNLoZRYI=
46,-56,pzd9V6AhuzfrhD/sab6E9qu5e58=,PGf+tbKy3refHhGC0AjzmfUYQrA=
46,-58,TSln/Ca0AJyKhyn7WdqNe2oXzko=,DXeEwoe/KyYd0lDDJvYqNLoZRYI=
39,-56,pzd9V6AhuzfrhD/sab6E9qu5e58=,x/1L9jBUX4k84O3VEHOn4jmquXw=
42,-58,TSln/Ca0AJyKhyn7WdqNe2oXzko=,DXeEwoe/KyYd0lDDJvYqNLoZRYI=
45,-57,pzd9V6AhuzfrhD/sab6E9qu5e58=,DXeEwoe/KyYd0lDDJvYqNLoZRYI=
43,-58,TSln/Ca0AJyKhyn7WdqNe2oXzko=,DXeEwoe/KyYd0lDDJvYqNLoZRYI=
43,-56,pzd9V6AhuzfrhD/sab6E9qu5e58=,PGf+tbKy3refHhGC0AjzmfUYQrA=
42,-57,pzd9V6AhuzfrhD/sab6E9qu5e58=,DXeEwoe/KyYd0lDDJvYqNLoZRYI=
45,-56,pzd9V6AhuzfrhD/sab6E9qu5e58=,PGf+tbKy3refHhGC0AjzmfUYQrA=
45,-58,TSln/Ca0AJyKhyn7WdqNe2oXzko=,DXeEwoe/KyYd0lDDJvYqNLoZRYI=
44,-58,TSln/Ca0AJyKhyn7WdqNe2oXzko=,DXeEwoe/KyYd0lDDJvYqNLoZRYI=
44,-56,pzd9V6AhuzfrhD/sab6E9qu5e58=,PGf+tbKy3refHhGC0AjzmfUYQrA=
44,-57,pzd9V6AhuzfrhD/sab6E9qu5e58=,DXeEwoe/KyYd0lDDJvYqNLoZRYI=
43,-57,pzd9V6AhuzfrhD/sab6E9qu5e58=,DXeEwoe/KyYd0lDDJvYqNLoZRYI=
41,-56,pzd9V6AhuzfrhD/sab6E9qu5e58=,PGf+tbKy3refHhGC0AjzmfUYQrA=
42,-56,pzd9V6AhuzfrhD/sab6E9qu5e58=,PGf+tbKy3refHhGC0AjzmfUYQrA=
